refkey1,refdata1,refkey2,refdata2,refdata3,refdata4
key1,data1,key2,data2,data3,123.45
key3,data4,key4,data5,data6,678.90
key5,data7,key6,data8,data9,234.56
key7,data10,key8,data11,data12,789.01
key9,data13,key10,data14,data15,345.67
key11,data16,key12,data17,data18,890.12
key13,data19,key14,data20,data21,456.78
key15,data22,key16,data23,data24,901.23
key17,data25,key18,data26,data27,567.89
key19,data28,key20,data29,data30,123.45
key21,data31,key22,data32,data33,678.90
key23,data34,key24,data35,data36,234.56
key25,data37,key26,data38,data39,789.01
key27,data40,key28,data41,data42,345.67
key29,data43,key30,data44,data45,890.12
key31,data46,key32,data47,data48,456.78
key33,data49,key34,data50,data51,901.23
key35,data52,key36,data53,data54,567.89
key37,data55,key38,data56,data57,123.45
key39,data58,key40,data59,data60,678.90
key41,data61,key42,data62,data63,234.56
key43,data64,key44,data65,data66,789.01
key45,data67,key46,data68,data69,345.67
key47,data70,key48,data71,data72,890.12
key49,data73,key50,data74,data75,456.78
key51,data76,key52,data77,data78,901.23
key53,data79,key54,data80,data81,567.89
key55,data82,key56,data83,data84,123.45
key57,data85,key58,data86,data87,678.90
key59,data88,key60,data89,data90,234.56
key61,data91,key62,data92,data93,789.01
key63,data94,key64,data95,data96,345.67
key65,data97,key66,data98,data99,890.12
key67,data100,key68,data101,data102,456.78
key69,data103,key70,data104,data105,901.23
key71,data106,key72,data107,data108,567.89
key73,data109,key74,data110,data111,123.45
key75,data112,key76,data113,data114,678.90
key77,data115,key78,data116,data117,234.56
key79,data118,key80,data119,data120,789.01
key81,data121,key82,data122,data123,345.67
key83,data124,key84,data125,data126,890.12
key85,data127,key86,data128,data129,456.78
key87,data130,key88,data131,data132,901.23
key89,data133,key90,data134,data135,567.89
key91,data136,key92,data137,data138,123.45
key93,data139,key94,data140,data141,678.90
key95,data142,key96,data143,data144,234.56
key97,data145,key98,data146,data147,789.01
key99,data148,key100,data149,data150,345.67
