field1,field2,field3,field4,field5,refkey1,refkey2
value1,value2,value3,value4,123.45,key1,key2
value5,value6,value7,value8,678.90,key3,key4
value9,value10,value11,value12,234.56,key5,key6
value13,value14,value15,value16,789.01,key7,key8
value17,value18,value19,value20,345.67,key9,key10
value21,value22,value23,value24,890.12,key11,key12
value25,value26,value27,value28,456.78,key13,key14
value29,value30,value31,value32,901.23,key15,key16
value33,value34,value35,value36,567.89,key17,key18
value37,value38,value39,value40,123.45,key19,key20
value41,value42,value43,value44,678.90,key21,key22
value45,value46,value47,value48,234.56,key23,key24
value49,value50,value51,value52,789.01,key25,key26
value53,value54,value55,value56,345.67,key27,key28
value57,value58,value59,value60,890.12,key29,key30
value61,value62,value63,value64,456.78,key31,key32
value65,value66,value67,value68,901.23,key33,key34
value69,value70,value71,value72,567.89,key35,key36
value73,value74,value75,value76,123.45,key37,key38
value77,value78,value79,value80,678.90,key39,key40
value81,value82,value83,value84,234.56,key41,key42
value85,value86,value87,value88,789.01,key43,key44
value89,value90,value91,value92,345.67,key45,key46
value93,value94,value95,value96,890.12,key47,key48
value97,value98,value99,value100,456.78,key49,key50
value101,value102,value103,value104,901.23,key51,key52
value105,value106,value107,value108,567.89,key53,key54
value109,value110,value111,value112,123.45,key55,key56
value113,value114,value115,value116,678.90,key57,key58
value117,value118,value119,value120,234.56,key59,key60
value121,value122,value123,value124,789.01,key61,key62
value125,value126,value127,value128,345.67,key63,key64
value129,value130,value131,value132,890.12,key65,key66
value133,value134,value135,value136,456.78,key67,key68
value137,value138,value139,value140,901.23,key69,key70
value141,value142,value143,value144,567.89,key71,key72
value145,value146,value147,value148,123.45,key73,key74
value149,value150,value151,value152,678.90,key75,key76
value153,value154,value155,value156,234.56,key77,key78
value157,value158,value159,value160,789.01,key79,key80
value161,value162,value163,value164,345.67,key81,key82
value165,value166,value167,value168,890.12,key83,key84
value169,value170,value171,value172,456.78,key85,key86
value173,value174,value175,value176,901.23,key87,key88
value177,value178,value179,value180,567.89,key89,key90
value181,value182,value183,value184,123.45,key91,key92
value185,value186,value187,value188,678.90,key93,key94
value189,value190,value191,value192,234.56,key95,key96
value193,value194,value195,value196,789.01,key97,key98
value197,value198,value199,value200,345.67,key99,key100
